x,y,label
-0.9707302902941275,2.989067684350575,1
-0.8611858484603196,2.9996171768182682,1
-0.855753682611121,2.9909072070437364,1
-0.8848985780491194,2.9334780403582768,1
-0.8604059140824423,2.901402161830031,1
-0.823527060371464,2.9241388799172787,1
-0.8466676793039671,2.886856125361045,1
-0.9018887916120661,2.8316350130529457,1
-0.889792260761426,2.829589408279855,1
-0.9285915460583949,2.776647987359156,1
-0.7249215976615166,2.937891528884842,1
-0.8156534534816791,2.8330175374409494,1
-0.689316798083939,2.9593541928386893,1
-0.9918762652745857,2.6143683187768505,1
-0.7878529396272,2.775965237553044,1
-0.8779329844052576,2.671743057151256,1
-0.8860034679024159,2.5788197599117137,1
-0.7967203947573781,2.6681028330567518,1
-0.6710574324601155,2.7796236597302837,1
-0.49055053021088746,2.9601305619795117,1
-0.8200052203694983,2.6165337361971703,1
-0.5910672752435089,2.8171874100756984,1
-0.4405613242845643,2.953551225410912,1
-0.43712079348040045,2.9287074849676147,1
-0.9954276446213308,2.3704006338266845,1
-0.5530412871686465,2.812786991279369,1
-0.6991667845939107,2.6666614938541047,1
-0.7492046325009206,2.6166236459470946,1
-0.8534520857410346,2.4982340570832497,1
-0.6436879965043543,2.6938560106961997,1
-0.8893412290675448,2.448202778133009,1
-0.3834804121729225,2.9540635950276313,1
-0.44263524861922954,2.894908758581324,1
-0.8367478002819139,2.4866540712949092,1
-0.679210173838477,2.644191697738346,1
-0.5608568466346042,2.762545024942219,1
-0.7461676478249489,2.577234223751874,1
-0.9853887346787478,2.3238710012743446,1
-0.4221637571475245,2.8588117075581065,1
-0.5932411826253294,2.6735921464565715,1
-0.6644289660782685,2.602404363003632,1
-0.41955396497515496,2.847279364106746,1
-0.9300181767395188,2.336815152342382,1
-0.9708848027743795,2.28180639068379,1
-0.7258938121900761,2.512655245644363,1
-0.5371300339417062,2.701419023892733,1
-0.530178479283125,2.680086307303853,1
-0.8121362404844654,2.383986410478782,1
-0.8910137495023135,2.305108901460934,1
-0.8109681125419063,2.3568702671738797,1
-0.4696277852854869,2.6840684588065686,1
-0.9739954449826553,2.1797007991094,1
-0.8484382500235705,2.276973722821024,1
-0.4376439208941354,2.687768051950459,1
-0.9315251301954127,2.1938868426491815,1
-0.6992980348539111,2.4119718023669523,1
-0.8167450952165209,2.2945247420043424,1
-0.8882636983145964,2.2230061389062667,1
-0.5074205371584017,2.589707164438731,1
-0.5700768034994687,2.5270508980976643,1
-0.7283185709361767,2.3546669950372254,1
-0.8936275540164361,2.161073740709505,1
-0.6927741687842491,2.361927125941692,1
-0.8953046205037639,2.1452545385984463,1
-0.8314541090424824,2.194962914435997,1
-0.3732984105752921,2.6531186129031874,1
-0.9745998953713256,2.037674992483423,1
-0.5927793127904895,2.4194955750642593,1
-0.8899141887758854,2.1082185634551327,1
-0.13096519234324155,2.867167559887777,1
-0.3291617467551695,2.6548288698521185,1
-0.1060837003868067,2.8637647805967505,1
-0.1847668984638473,2.7850815825197097,1
-0.8448376321982707,2.1250108487852866,1
-0.2956649234231963,2.66004142193663,1
-0.9768433431858368,1.964720866550259,1
-0.7332040567511763,2.2083601529849193,1
-0.5366521767992332,2.4049120329368625,1
0.07018457237066644,2.9976066464830318,1
-0.2561456323536391,2.671276441758726,1
-0.746797040188268,2.180625033924097,1
-0.37303534420289464,2.5543867299094707,1
-0.3374426053889217,2.575837333099713,1
0.035583181774273775,2.9488631202629083,1
-0.5549033863463465,2.358376552142288,1
0.0423674997905068,2.9556474382791413,1
-0.877923334264909,2.021214468599995,1
-0.3693557930941247,2.5297820097707793,1
-0.04024546424228692,2.8447502029988865,1
-0.8632954132448258,2.021700253996347,1
-0.4020148135806376,2.468838718036805,1
-0.6028343609421857,2.268019170675257,1
-0.8996323979505134,1.9570789980431984,1
-0.441303428330019,2.4012658320399622,1
-0.049717927373596815,2.778709197372654,1
-0.42982720728778445,2.398599917458466,1
-0.12233207098222132,2.706095053764029,1
-0.5657394143400656,2.2485455747824545,1
-0.6476529907508478,2.166631998371672,1
-0.8717121336256604,1.9425728554968598,1
-0.7911467914255743,2.008996062073215,1
-0.6067656420087891,2.1933772114899996,1
-0.7602660437437005,2.0398768097550883,1
-0.3621046100807399,2.438038243418049,1
-0.10989537955202455,2.676105338323034,1
-0.26788028933751384,2.5181204285375447,1
-0.15360747619913284,2.6182511060521954,1
-0.7450620368985558,2.0126544097290413,1
-0.42577304488404366,2.331943401743554,1
-0.7871745131265699,1.9705419335010275,1
-0.5695737419915401,2.1740005690123265,1
0.08785856774492817,2.831432878748795,1
-0.24092543319272686,2.488506742187409,1
0.07267530763204655,2.8021074830121826,1
-0.7141715739463934,2.0152606014337424,1
-0.6115222602340342,2.103767779522371,1
-0.07383264327445094,2.6414573964819543,1
-0.5843124634291824,2.1168354407034924,1
0.2276305349141159,2.91463630342306,0
-0.36624065400435557,2.306622978880858,1
-0.6246830865249372,2.0481805463602765,1
-0.9456186435278053,1.727244989357408,1
-0.4866115561939537,2.172109941067529,1
-0.9855286285876234,1.6731928686738595,1
0.23768033637375163,2.8822596980115036,1
-0.12921866894384615,2.515360692693906,1
-0.9441619684230117,1.7004173932147402,1
-0.046199962006254314,2.5983793996314977,1
-0.6429418028800743,1.987495423133947,1
-0.39514822563231533,2.2211468647579755,1
-0.4050905494748097,2.211204540915481,1
-0.2806388615025872,2.321514093263973,1
-0.1576221259411199,2.43038869320171,1
-0.19312605111473768,2.394884768028092,1
-0.8369723033437277,1.7510385157991017,1
0.32501957804714277,2.898888261566242,1
-0.5055264548167868,2.068342228702312,1
0.1309768440853747,2.7048455276044736,1
-0.12346183732354565,2.4362647105718223,1
-0.12862143016679606,2.4311051177285723,1
-0.14009586027529375,2.4196306876200744,0
0.32478921809955463,2.8703736303711924,1
-0.2740314826522273,2.2574107939956796,1
-0.8880290667313248,1.6434132099165821,1
-0.7918814656746311,1.725418675349545,1
-0.15982743964884838,2.357472701375328,1
-0.6890668745725171,1.828233266451659,1
-0.07528248670104531,2.4278755186994,1
0.3482729366104478,2.8514309420108934,1
-0.9222414208790767,1.566774448897638,1
-0.7212615616745433,1.7536121724784408,1
0.2659841173070916,2.740857851460076,1
0.007475688836669381,2.4823494229896537,0
0.26976457323451153,2.7304961717637655,1
0.4792950565779479,2.940026655107202,0
0.43091063725493806,2.877500100160461,1
0.0988734318127733,2.531320759094566,1
0.11209904103045054,2.5445463683122433,1
0.5423909374039231,2.9748382646857157,0
-0.3317187432665466,2.100728584015246,1
-0.09977330163874143,2.3185318900193206,1
0.4111730828421005,2.8294782745001625,1
-0.11475048054232717,2.3035547111157344,1
0.5574063344600351,2.975711526118097,0
-0.02912253918376151,2.3750405168505697,1
-0.3057594294747328,2.0984036265595982,1
0.49985126592271145,2.889872186333312,1
-0.7454855704104417,1.630393214376428,1
0.23911431388210147,2.6149930986689713,1
0.029796154080073967,2.4056749388669436,1
0.09758081681000763,2.4593174659731467,1
0.06614208713759528,2.427878736300735,0
-0.21709345000172198,2.1446431991614174,1
-0.027587088433977724,2.334149560729162,1
-0.32846937181674485,2.0191251417226637,1
-0.706257046365963,1.6413374671734455,1
-0.7814415425204124,1.566152971018996,1
-0.88326022472986,1.4501921531858175,1
0.01281531302547756,2.346267690941155,1
-0.5836736454285694,1.7356365968633776,1
-0.78146934863837,1.537840893653577,1
0.43034369399349726,2.7355118006617136,1
0.6818361523639564,2.9728621234084427,0
-0.9126204430580664,1.3642633923626888,1
-0.08157412514493045,2.1953097102758248,1
0.49241274981402805,2.7692965852347835,0
-0.11537328964694704,2.1473684101500776,1
0.19995765272153365,2.462699352518558,1
0.4930336282075538,2.755775328004579,1
-0.6663689408581357,1.596372758938889,1
-0.9345949281157913,1.3281467716812332,1
-0.724535354219227,1.5382063455777977,1
-0.32863307531739405,1.9199664888558998,1
-0.8868411010641033,1.3617584631091904,1
0.5423381653218353,2.7909377294951296,0
-0.3651703304660412,1.8834292337072527,1
0.7278317108423058,2.962289139391869,0
0.22785920704913631,2.448174499974969,0
-0.49750101130069413,1.7228142816251384,1
0.7504201139315072,2.97073540685734,0
0.44278539731253264,2.6489585546146346,1
-0.1759663075937392,2.030206849708363,1
0.29029339448756497,2.496466551789667,0
0.7749296498227722,2.966960671501144,0
-0.9837928942809282,1.208238127397443,1
0.027679254718443902,2.219710276396815,1
-0.31342803700203004,1.8503187134288799,1
-0.3610330656358147,1.802713684795095,1
-0.8885402268335747,1.275206523597335,1
0.8414440018372138,2.9910486166443935,0
-0.3279216837166644,1.821682931090515,1
0.5142792706479138,2.6638838854550935,0
-0.23848656004906965,1.8969759191343791,1
-0.24801938773658416,1.8874430914468645,1
0.6514166189692594,2.7868790981527085,1
-0.5114381112558718,1.6098822323038462,1
0.8026384414412597,2.923958785000978,0
-0.3000958970147257,1.807082310921262,1
-0.04289405413750469,2.064284153798483,1
-0.354592500691273,1.7525857072447144,1
-0.09660686130118668,2.0105713466348005,0
-0.45790682734695975,1.6492713805890276,1
0.7169598042574803,2.824138012193468,0
-0.20455260031804945,1.902625607617938,1
-0.9336920082846222,1.1593440640276345,1
-0.15656815897731746,1.9364679133349392,1
0.5341678847990103,2.6130618214875367,0
-0.15953884176594324,1.919355094922583,1
0.12841496141463327,2.2073088981031592,0
-0.19893455889461764,1.865817242170178,0
-0.781446380929997,1.2833054201347984,1
-0.6598143158777376,1.3907953495633272,1
-0.41734864132731553,1.6332610241137493,1
-0.42285569440520665,1.6136118354121276,1
-0.3489939511680792,1.687473578649255,0
-0.2863958518926071,1.7500716779247272,1
-0.4834744616319606,1.5388509325616426,1
-0.6148966728506788,1.3932865857191938,1
0.8916083626747286,2.899791621244602,0
-0.930190361166265,1.0779928974036077,1
-0.5173387163147667,1.4908445422551062,1
-0.031241227061739485,1.9769420315081334,1
-0.723827908127115,1.2843553504427578,1
0.5628734580664094,2.5569145810125518,0
-0.10603290575048796,1.8880082171956543,1
-0.0034121722332239868,1.9906289507129182,1
-0.27927375404200716,1.714767368904135,1
-0.5620024697285734,1.4320386532175688,1
-0.7584407328119767,1.2356003901341654,1
-0.6275742615105396,1.3664668614356026,1
-0.009489511143619955,1.9704094761787916,1
0.11860256657499268,2.098501553897404,0
-0.24661971966747687,1.719137132031204,1
-0.14674263389135145,1.8190142178073294,1
0.9070301424990347,2.8727869941977158,0
-0.7157968135499979,1.2499600381486828,1
-0.5962044452413953,1.3695524064572855,1
0.5912910165635556,2.542905732638506,0
-0.8811367884724919,1.0704779276024583,1
-0.7260308696504306,1.2255838464245195,1
-0.8221135361210848,1.1153590443301347,1
0.1875066373649199,2.1249792178161395,0
0.98661069448607,2.92408327493729,0
-0.5532113669262197,1.370119077901269,1
0.1743792230989416,2.0977096679264307,0
-0.2172518957068107,1.7060785491206782,1
-0.3775002069514919,1.5316881022522664,1
-0.7244943869173981,1.1846939222863602,1
0.050008076373199484,1.9591963855769579,0
0.6470252928104677,2.5420714663904955,0
0.8735353328100827,2.7685815063901105,0
-0.39124039982630077,1.503805773753727,1
-0.14121571622541573,1.753830457354612,0
0.598965741188657,2.479869779144954,0
0.32160867000847737,2.2025127079647744,0
-0.5619708429044348,1.3189331950518621,1
0.6766279703946793,2.5575320083509765,0
1.0724684084268175,2.9392303107593842,0
0.7545183019332165,2.621280204265783,0
0.5504613824588958,2.4172232847914623,0
-0.755239986469874,1.0973797802389618,1
-0.485049678302574,1.3675700884062618,1
-0.21305836892054042,1.6395613977882952,0
1.00131682433552,2.839794455420625,0
-0.25739199427980564,1.5810856368052995,1
-0.40983015234804376,1.4286474787370613,1
0.6559387791028993,2.480274274564274,0
-0.36538342931061285,1.4448099305270308,0
0.7288071326973552,2.539000492534999,0
-0.9787026880002913,0.8314906718373524,1
0.9607869766727211,2.7568382008866346,0
-0.6793906547436991,1.1166605694702139,0
0.6878469166438146,2.4838981408577276,0
0.44753615141852987,2.2294452400087126,0
-0.6170539934184553,1.164855095171727,1
0.16672391618250004,1.9486330047726828,0
-0.3371105719484151,1.4306563810180366,1
0.13477437206855458,1.9025413250350065,0
-0.36236686267884033,1.4054000902876114,1
-0.8107026198871685,0.9429221974555525,1
0.5472328062774697,2.3008576236201908,0
0.8840232391912276,2.6376480565339486,0
-0.05240734070931463,1.7012174766334065,0
-0.677119801184761,1.0623628805342296,1
1.1668439189509048,2.9063266006698956,0
1.2042268991405982,2.9437095808595886,0
1.1467053665619904,2.87204591265725,0
-0.3346326071654988,1.390707938929761,1
-0.3041065639092051,1.4212339821860547,1
-0.6790307299424178,1.046309816152842,1
-0.22227229911589008,1.5030682469793697,1
0.593815957221522,2.3050143676930515,0
0.020646709617023196,1.7318451200885523,0
0.8041755993823674,2.515374009853897,0
-0.27980406778845235,1.4172522070593463,0
0.39142079973348864,2.088477074581287,0
0.4068714881567701,2.103927763004569,0
-0.4872665055113776,1.1956476337126902,1
0.029138994302625454,1.7120531335266933,1
0.4412812944769774,2.1100532980773146,0
1.0011117124266544,2.669883716026992,0
1.0091370256486258,2.677909029248963,0
-0.9769040360521433,0.6918679675481939,1
0.7197534224835317,2.3743832904601385,0
0.7434678477195517,2.3980977156961583,0
0.3489711961268721,2.0036010641034787,0
-0.4850758780484639,1.1695539899281426,1
0.6586687026201952,2.2991564349730713,0
0.9090621573840814,2.5495498897369573,0
0.4353681049886131,2.0758558373414893,0
1.2250499851340113,2.8513955818631564,0
-0.5470494561874563,1.079296140541689,1
0.4177561645399277,2.044101761269073,0
-0.2842658228524859,1.3420797738766592,0
-0.9053220929035903,0.7068813682018242,1
0.5818311964660612,2.1940346575714758,0
1.1811941854687165,2.7933976465741313,0
-0.7144527829901997,0.8836085424914842,1
0.06984044142785328,1.6679017669095373,0
1.3449569383159319,2.9430182637976157,0
0.713198128470658,2.311259453952342,0
-0.3412467372769078,1.256814588204776,1
0.95012072367569,2.5340399135336433,0
0.5561377445985237,2.140056934456477,0
-0.31117764429559996,1.2727415455623534,0
-0.8757219039499847,0.7081972859079686,1
0.7293206755804674,2.3132398654384208,0
0.976540649975135,2.5463177042093577,0
0.7121604496783804,2.2819375039126033,0
-0.14041634746255227,1.4293607067716705,0
1.3575224424182846,2.9272994966525077,0
0.702968065538548,2.272745119772771,0
1.0477984218766443,2.6034333404871366,0
0.6735516228674774,2.2291865414779695,0
0.023505446142230157,1.5791403647527222,0
-0.7135650591246727,0.8279277238620887,1
1.1990777105154125,2.740570493502174,0
-0.9902407893450325,0.5512519936417288,1
-0.2894737753542087,1.2520190076325528,1
-0.3322471128533771,1.1951035345096537,0
-0.12555585863175311,1.4017947887312776,0
-0.19578660608775444,1.3174219056515457,0
0.38014024605127184,1.8933487577905719,0
-0.4133404981560887,1.0998680135832113,1
0.2044325431527242,1.7176410548920242,0
-0.6884184428744614,0.810647933241108,1
-0.2704278313793579,1.2286385447362116,0
1.063918993994955,2.5629853701105247,0
-0.7369976838713371,0.7620686922442322,1
-0.28916383308637006,1.1957604074054689,0
0.9143705569183247,2.3851526617864334,0
-0.04153238435436202,1.4292497205137462,1
0.5565011790242794,2.013141148268657,0
-0.8069113421953139,0.6497286270490634,1
0.19122772197884674,1.6478676912232242,0
-0.5350418390749809,0.9215981301693965,0
0.22417065181010398,1.6666684854307507,0
0.7500704932416377,2.1925683268622844,0
0.28920236224289686,1.7317001958635438,0
-0.7306604913653078,0.711837342255339,1
0.2850764224102803,1.7275742560309273,0
0.16983186045179166,1.6123296940724385,0
0.6470288549960354,2.0753845529929515,0
0.6605036785329695,2.0888593765298857,0
0.8763527298630679,2.3047084278599845,0
0.5029817736255698,1.9313374716224863,0
0.5844697662041497,2.0128254642010663,0
-0.7024335584696296,0.7259221395272866,1
0.7359667142118228,2.1643224122087394,0
-0.22806703324893435,1.186146529124251,0
-0.12560219028876274,1.2886113720844228,0
1.3085008196787324,2.7227143820519184,0
1.3959629740458954,2.8101765364190814,0
0.7700548291099079,2.1842683914830934,0
1.003619862810085,2.40369128955954,0
0.4108860167192738,1.8109574434687286,0
0.8859308314366767,2.286002258186132,0
0.781836891104472,2.181908317853927,0
0.7071290549256259,2.107200481675081,0
1.2820340849532916,2.6679633760790162,0
0.284806582689639,1.6707358738153633,0
1.2245627332532485,2.5963498887552428,0
1.114604110516654,2.4863912660186474,0
0.6966708663768147,2.0684580218788087,0
-0.7682132334201686,0.6035739220818249,1
0.30740067957515615,1.6791878350771499,0
0.19815700649038503,1.555802026368648,0
0.04602146327636991,1.403666483154633,0
-0.4895674409947157,0.8680775788835473,1
1.619039187895296,2.97668420777356,0
-0.9210382553230496,0.4366067645552133,1
0.33933145668444864,1.6969764765627118,0
1.1700964904616886,2.527741510339952,0
1.4322387544822337,2.7757416387367657,0
0.8273485174183568,2.170851401672889,0
-0.7227480839496927,0.6207548003048394,1
0.33906439304093383,1.6825672772954663,0
0.8284100138430455,2.171912898097578,0
0.8926702851300594,2.2361731693845917,0
1.3105851965725954,2.6399459452033973,0
-0.19579372486272356,1.133567023768078,0
0.6209283212684018,1.9502890698992035,0
0.3908760070426238,1.7202367556734255,0
-0.16608163621618477,1.163279112414617,0
0.2143642427670479,1.5295828557741191,0
0.3231994406847195,1.6384180536917907,0
0.40365268692955736,1.7188712999366285,0
-0.2313854507353742,1.0838331622716968,1
-0.32637517449796655,0.9888434385091045,0
0.1601385497598944,1.4753571627669655,0
-0.21186586184828288,1.0892106155350574,0
0.36716712774157834,1.6682436051249188,0
0.6709060733108619,1.9719825506942021,0
-0.2273281450564381,1.0596061967031716,0
-0.9295128781752229,0.3574214635843867,1
1.306697768415146,2.593632110174756,0
1.2659923549188203,2.5529266966784303,0
1.1438035885649374,2.4307379303245473,0
0.9124839727365722,2.1852761788724515,0
1.3520333789441827,2.624825585080062,0
1.2361122507842515,2.508904456920131,0
1.273272395708648,2.5460646018445274,0
0.20128216333124926,1.4740743694671283,0
-0.7743178900526548,0.49847431608322423,0
-0.5502677283525924,0.7083823421595559,0
0.05055776024301306,1.3092078307551613,0
1.5322006587289114,2.79085072924106,0
0.16234748960717515,1.4209975601193237,0
1.6600185090171244,2.918668579529273,0
0.485368586288516,1.729876521176934,0
-0.4818691384121267,0.7626387964762911,0
0.8735938439402384,2.1181017788286565,0
1.6396716029008727,2.884179537789291,0
-0.5990452303316189,0.6454627045567988,1
0.8904228103873929,2.12078860965208,0
-0.25549604853332575,0.9748697507313613,0
0.26188695247740523,1.4922527517420925,0
-0.8532691500892012,0.3770966491754857,1
1.7476485815396483,2.9780143808043356,0
0.5601273479868881,1.7763510116278447,0
0.3621320152338673,1.5783556788748239,0
-0.14071865493716323,1.0755050087037932,0
-0.11194937748044392,1.1042742861605124,0
0.5345588477400488,1.7507825113810052,0
0.29081808769752227,1.5070417513384788,0
-0.4636742683680324,0.7384072596491934,1
-0.6535106506054729,0.5485708774117529,1
1.5744168034585613,2.7764983314757874,0
1.7462809725893478,2.9483625006065743,0
-0.16133439425810386,1.040747133759122,0
-0.44578952777078873,0.7562920002464371,0
-0.6960936750000966,0.5059878530171292,0
-0.08421880089132627,1.1037205915021688,0
0.1918137299936249,1.37975312238712,0
-0.8503065487046411,0.3376328436888538,1
1.5988490050164772,2.7867883974099725,0
-0.14620040819274677,1.0275968485770177,0
-0.4666603896462944,0.70713686712347,1
0.16738840866939586,1.3411856654391605,0
-0.8517518933783642,0.32204536339140016,1
0.7380754127477582,1.911872669517523,0
1.0553919905089528,2.215047111654987,0
1.589146002558752,2.7488011237047862,0
1.7371738040936762,2.8968289252397104,0
-0.11296790504551035,1.0325450804767928,0
0.46879997630969783,1.6143129618320011,0
0.5777838026080043,1.7232967881303076,0
1.7571872664265524,2.902700251948856,0
1.8064522271161834,2.9519652126384868,0
-0.2557501539309744,0.8897628315913287,0
0.3760168322075388,1.521529817729842,0
0.36565021233074746,1.49702106222932,0
1.4410451686576065,2.572416018556179,0
0.9378242619191816,2.0691951118177543,0
-0.09517356309557995,1.0361972868029925,0
-0.7855692932100378,0.33165942106480406,0
0.3384736591599672,1.4557023734348093,0
1.162841213298558,2.2800699275734,0
0.8631232432607503,1.9803519575355923,0
-0.3062901047058023,0.8109386095690396,0
-0.15224649649839633,0.9508400821527149,0
-0.8678062184349713,0.2352803602161398,1
1.2530222459561866,2.3561088246072983,0
-0.9239319051809962,0.17915467347011482,1
0.9318742950141883,2.0349608736652995,0
0.03321194120427562,1.1362985198553868,0
-0.45558827342899416,0.647498305222117,0
-0.3437307746214787,0.7452136684059019,1
0.9205199729652724,2.009464415992653,0
0.8020851438949117,1.8910295869222926,0
-0.6860711538540475,0.3887311535496024,1
0.09257654607312493,1.1673788534767748,0
1.565813021224736,2.6406153286283867,0
0.8860565594104396,1.9608588668140898,0
0.971218758365567,2.0460210657692173,0
1.112243526187934,2.172903697967853,0
0.9147049952930212,1.9753651670729406,0
1.4290838767963936,2.4897440485763136,0
-0.6051211693596033,0.455539002420316,1
0.9920470279030514,2.052707199682971,0
-0.45841897569843054,0.5880990604577582,0
-0.7535538198565895,0.29296421629959907,1
1.274469575002957,2.320987611159146,0
0.8167331828663719,1.8632512190225605,0
1.2509097489223167,2.2832856494547746,0
1.8064059487154462,2.838781849247905,0
0.6428635594940639,1.6752394600265221,0
0.9789768350108181,2.0113527355432765,0
-0.6296141539444596,0.4027617465879983,1
1.4435216522905168,2.475897552822975,0
0.8857976690751388,1.9040314339838664,0
0.8520430146299334,1.8702767795386608,0
-0.8503426069823798,0.1678911579263474,1
0.29981415625813523,1.3180479211668628,0
1.7657003183343751,2.7697919476193715,0
-0.3140352183905015,0.6900564108944951,1
1.7988152850110648,2.8029069142960616,0
0.7919856478576873,1.7960772771426843,0
1.0569268444118824,2.0468763380731487,0
1.049977014563948,2.0399265082252143,0
-0.5792481680563428,0.4107013256049232,0
1.1953653688890062,2.1853148625502725,0
-0.8647626139696634,0.12518687969160253,0
-0.9055994937116265,0.07020786432590875,1
0.23307158592376587,1.2088789439613015,0
1.702627659771684,2.6784350178092198,0
1.3027099764938965,2.2785173345314327,0
0.16787249386154268,1.143679851899078,0
-0.141946327243468,0.8197188951703367,1
-0.7054431200037665,0.2562221024100382,1
1.477863258054231,2.4395284804680357,0
0.8057396568462194,1.7532627436362935,0
0.23592939625130205,1.1834524830413764,0
-0.8348222751089442,0.11270081168112978,1
1.4134839382486637,2.361007025038738,0
-0.2760378682234279,0.6714852185666462,0
1.8178324463460318,2.7653555331361064,0
0.5469824416380686,1.4945055284281428,0
1.0746574550617753,2.008038406228119,0
1.004458320957064,1.9378392721234077,0
0.8740933410597496,1.8074742922260931,0
1.701937933353927,2.635318884520271,0
-0.3629119553238919,0.5704689958424515,0
0.15050614615977692,1.0838870973261203,0
0.7184976353286072,1.6518785864949508,0
-0.9970227580822323,-0.09192607816335019,1
1.6632207792239417,2.5683174591428246,0
1.173849544342238,2.07894622426112,0
1.1164345391653225,2.021531219084205,0
0.2577355192283203,1.1628321991472026,0
-0.8148186033028302,0.09027807661605192,1
-0.12824003774343995,0.7627145065517116,1
1.258000020582231,2.148954564877383,0
0.7625909153568144,1.653545459651966,0
2.0941124789167334,2.9850670232118857,0
1.6557528348474213,2.5325652435188424,0
1.460377678228879,2.3371900869003,0
-0.6272049954478927,0.24960741322352817,1
1.0805575779000154,1.9573699865714365,0
0.3013106122759236,1.1781230209473446,0
2.0536770326722964,2.9304894413437172,0
-0.31434253302971094,0.5483277400179792,1
1.3902434088972973,2.2529136819449875,0
1.454410167172942,2.3170804402206326,0
1.0743926019957428,1.9370628750434333,0
-0.3446112888513656,0.5180589841963246,1
1.4262380416617197,2.2889083147094103,0
-0.9426808376703659,-0.08001056462267575,1
1.3570590473601505,2.2055871847841106,0
-0.418465677798995,0.43006245962496453,0
2.0417355245159685,2.8902636619399282,0
-0.49292826445837634,0.3555998729655832,0
-0.2933747116668316,0.5551534257571279,0
-0.787049797609557,0.06147833981440243,1
-0.29817876752847516,0.5362072342717538,1
1.3656835769111777,2.200069578711407,0
-0.12170056379444139,0.6985433023820569,1
-0.17925238658050915,0.640991479595989,1
1.2498888903952214,2.07013275657172,0
-0.6132538265218741,0.2069900396546241,1
0.03275990275517732,0.8530037689316756,0
1.2493914531093093,2.0696353192858075,0
-0.3324722319789456,0.4877716341975526,0
-0.9546504240372216,-0.14854869348445404,1
2.0082221445251904,2.8143238750779584,0
1.0102066021001892,1.816308332652957,0
0.1812616661200504,0.9873633966728181,0
0.11064926733096964,0.9167509978837374,0
-0.33692736147221214,0.4550322334568248,0
0.7758084295603529,1.5677680244893901,0
-0.5857696998741289,0.20618989505490806,1
-0.3796136177618428,0.4123459771671941,1
2.068748563244756,2.8607081581737934,0
-0.106306899821413,0.6856526951076239,0
1.819811661631991,2.597629120937298,0
-0.017491199101058896,0.7603262602042474,0
1.3275371905970141,2.1053546499023206,0
2.2218140592933455,2.9996315185986524,0
0.634813693958584,1.4126311532638902,0
1.0585673745503072,1.8363848338556137,0
-0.6708401558725527,0.09283516780902284,0
1.7755838678048423,2.539259191486418,0
0.14138817521227198,0.9050634988938475,0
0.7379967319366557,1.5016720556182315,0
1.3630533352783893,2.126728658959965,0
-0.2260802220614758,0.5234529659963693,1
1.2567355297742173,2.0062687178320626,0
0.36023135631259473,1.1097645443704398,0
-0.604009780957553,0.14552340710029205,0
1.9099699792637168,2.6453610316978313,0
0.9295240201969743,1.6649150726310888,0
0.5171498260013583,1.2525408784354728,0
-0.2972026870288672,0.4381883654052472,0
1.6294033602524667,2.3647944126865816,0
1.2370726920139348,1.9583216088243187,0
-0.7335805212416684,-0.012331604431284782,1
0.7860449637576679,1.5072938805680518,0
1.2297016312858056,1.9509505480961895,0
0.6546601479175966,1.3617669291042498,0
0.33953453434441,1.0466413155310632,0
0.352430578288981,1.059537359475634,0
-0.0034488722919481796,0.7036579088947048,0
2.172411012379489,2.879517793566142,0
-0.1945001799007137,0.5126066012859394,0
2.1650075345088546,2.8579721800717772,0
0.18204848374845334,0.8750131293113758,0
1.8966541693622292,2.589618814925152,0
1.181163624918448,1.8741282704813709,0
2.2133475946999703,2.8921701046391624,0
1.8893271113733956,2.5681496213125876,0
-0.3553284188136708,0.32349409112552097,0
2.2649621886561317,2.9437846985953238,0
-0.4296610082301069,0.2491615017090848,0
-0.2095595518676344,0.4692629580715574,1
0.3383691247876599,1.0171916347268517,0
0.49425380152398396,1.1589341758394451,0
-0.19610852193933773,0.4685718523761233,1
1.5044591500260467,2.1691395243415084,0
0.9616836922877909,1.6263640666032522,0
1.4882095941265894,2.1528899684420506,0
0.08411879061548494,0.7346570293072154,0
-0.7341082053333634,-0.08356996664163313,1
1.103681635742573,1.7542198744343036,0
-0.5893466405613689,0.06119159813036146,1
-0.2679050289188175,0.3684910741491823,0
-0.4830366771787372,0.15335942588926255,1
0.4266671277789077,1.0630632308469077,0
1.142388426464283,1.778784529532283,0
1.732508269799438,2.3547622372437074,0
0.01861566373712409,0.6408696311813933,0
-0.9125130421896444,-0.2902590747453754,1
-0.7044020810235984,-0.08214811357932927,0
-0.7194230922076807,-0.09716912476341166,1
1.6865755258751562,2.3088294933194256,0
-0.059143489609243705,0.5631104778350255,0
2.2470462042034973,2.8551580360240365,0
2.2224439044781477,2.830555736298687,0
-0.3871349327544484,0.22097689906609005,0
-0.17269216440723256,0.43541966741330596,0
1.3615195512837053,1.969631383104244,0
0.645878001822489,1.239847698019297,0
2.222424640921283,2.8163943371180915,0
-0.09258921641406512,0.5013804797827428,1
-0.4812017875963035,0.09862577297677372,1
-0.7876409884442772,-0.2078134278712,0
1.883396294336719,2.4632238549097965,0
0.3526122689702031,0.9324398295432804,0
0.03747995064333304,0.6173075112164104,0
-0.5148833215462819,0.06494423902679525,1
1.395485601763796,1.9753131623368734,0
2.084986057287087,2.650671482236434,0
0.830531086143504,1.3962165110928508,0
-0.6857529102999511,-0.12006748535060469,0
1.7540204681155782,2.319705893064925,0
2.352746203163915,2.9184316281132614,0
0.4953449568867565,1.061030381836103,0
0.9089973629869594,1.4746827879363062,0
-0.7600515979363864,-0.20850830861077063,0
0.4585056294047843,1.0100489187304003,0
1.8462325808581908,2.397775870183807,0
1.8795687767010947,2.4311120660267105,0
0.4151128861175765,0.9666561754431925,0
1.2626506996359823,1.8000518533378678,0
-0.7147787194908104,-0.17737756578892516,1
1.2653055413178058,1.8027066950196913,0
-0.7837220698610938,-0.2463209161592086,1
2.2483008760955268,2.785702029797412,0
2.249284140504879,2.7866852942067646,0
2.3183547157508926,2.855755869452778,0
1.7982997309145263,2.335700884616412,0
1.2877925153517675,1.8110515334299224,0
2.437106584521736,2.960365602599891,0
-0.9967906160283044,-0.47353159795014993,1
0.9984520100815769,1.5217110281597317,0
0.7698562399765448,1.2931152580546996,0
-0.16758836210968503,0.3415285203447389,0
2.111192459125185,2.6203093415796093,0
1.0180692433270764,1.5271861257815005,0
-0.734108147184566,-0.22499126473014208,0
1.5678897151537166,2.0770065976081407,0
-0.7161068027779239,-0.20698992032350005,1
1.5501009678056477,2.045075714636341,0
1.1394615505190704,1.634436297349764,0
1.864165855775667,2.359140602606361,0
2.496905830670809,2.9918805775015027,0
-0.2782996007926641,0.2166751460380292,0
1.967422781783827,2.4623975286145208,0
2.083671835078356,2.57864658190905,0
1.6807962618537107,2.161628873060674,0
1.2853647168453812,1.7661973280523442,0
2.2650475058831634,2.745880117090126,0
1.619489008044312,2.1003216192512753,0
0.8580058615389006,1.3388384727458635,0
1.623081499888522,2.103914111095485,0
0.7128305742735812,1.1795210498568134,0
2.293746382676958,2.760436858260191,0
1.9893239835441965,2.456014459127429,0
-0.3509653043316098,0.1157251712516222,0
1.9953331568358106,2.462023632419043,0
1.0701634185748725,1.5368538941581047,0
2.013577179259258,2.48026765484249,0
0.970874514653021,1.4234228546125225,0
-0.2643802943409212,0.18816804561858017,0
1.7420403192794471,2.194588659238949,0
0.6866389055061206,1.139187245465622,0
0.21238696155619263,0.664935301515694,0
-0.029993394228369913,0.4225549457311315,0
0.6905115071187262,1.1430598470782278,0
2.3115379408228063,2.7499441451585773,0
1.968061029832451,2.4064672341682223,0
2.5076055811351092,2.9460117854708807,0
-0.8816129325417901,-0.4432067282060196,1
-0.0031856245582435327,0.43522057977752715,0
2.459378325867483,2.8977845302032543,0
2.3325888684164444,2.770995072752216,0
-0.6329320668252316,-0.19452586248946105,1
2.1834449731970693,2.60770904190911,0
0.2182439518069655,0.6425080205190057,0
-0.9547328779836534,-0.5304688092716134,0
2.2628374571590784,2.6871015258711193,0
1.2151892263626178,1.639453295074658,0
1.7157850983818375,2.125907031470147,0
-0.9934425740338743,-0.5833206409455649,1
0.4676584162794095,0.877780349367719,0
0.7292616820279892,1.1393836151162988,0
2.1653420020549983,2.5754639351433077,0
0.41529425854067925,0.8254161916289886,0
2.101832683102945,2.4978124805675237,0
1.7236582995596106,2.1196380970241897,0
1.9080539555919696,2.3040337530565487,0
1.0977757961091246,1.4937555935737037,0
1.1308949823710799,1.526874779835659,0
2.5722934934605126,2.954131155301361,0
2.5679631061222943,2.9498007679631426,0
-0.35027756218013323,0.031560099660714824,0
-0.5958635137439612,-0.2140258519031132,1
-0.5024351816557021,-0.12059751981485409,1
-0.800852058466977,-0.41901439662612894,0
1.6036653537907073,1.971360880007825,0
0.37984473432884147,0.7475402605459591,0
1.006940271079309,1.3746357972964265,0
-0.5019130023436689,-0.13421747612655144,1
0.6137468608582254,0.981442387075343,0
1.9822541013500152,2.3358074919434024,0
0.4867191068165202,0.8402724974099071,0
-0.4211438120745713,-0.06759042148118455,1
0.9006636699252861,1.2542170605186729,0
-0.33271439937056296,0.02083899122282379,0
0.5200893723031417,0.8736427628965285,0
1.0426354253451036,1.3961888159384903,0
0.4243379524024189,0.7637492073720752,0
1.0274566109426644,1.3668678659123208,0
1.3366780015776583,1.6760892565473147,0
0.18997577002013488,0.5293870249897911,0
-0.9277337698985185,-0.5883225149288625,1
2.3873618169507123,2.726773071920369,0
1.4692196958621315,1.808630950831788,0
2.1778285486159277,2.5030976679618537,0
-0.42970577061994863,-0.10443665127402318,0
0.47562419315280907,0.8008933124987347,0
2.171626539825627,2.496895659171553,0
1.3684857906579255,1.6937549100038514,0
0.361510447659995,0.6867795670059205,0
-0.9498201425797197,-0.6245510232337943,1
-0.6407493266451978,-0.3296223429230031,0
-0.23168856440894525,0.07943841931324958,0
-0.6386268879470544,-0.3274999042248596,1
2.6145241865877513,2.925651170309947,0
-0.31241334277565297,-0.0012863590534581415,1
0.830122016095855,1.1271068641943194,0
2.5451168171225294,2.8421016652209943,0
1.3630008566664311,1.6599857047648956,0
1.6608185320084528,1.9578033801069172,0
-0.0322607521929683,0.26472409590549595,0
0.7372199097095298,1.0200626221842635,0
2.2055725374873063,2.4884152499620407,0
0.4135087267224727,0.6963514391972063,0
2.368062582565932,2.6509052950406664,0
0.1262932917631368,0.40913600423787044,0
-0.4547450753680768,-0.1719023628933433,1
2.2841263297454955,2.56696904222023,0
0.80988735316586,1.078587930016863,0
1.7191989777503132,1.9878995546013165,0
1.8344357084458685,2.1031362852968716,0
-0.3012931836056155,-0.03259260675461259,0
1.485486110065714,1.754186686916717,0
-0.6100300632354542,-0.34132948638445126,1
2.3297613094113023,2.584319750638574,0
1.650841391506991,1.9053998327342636,0
1.4808674848892522,1.735425926116525,0
0.1232959871186082,0.3778544283458805,0
-0.250932227137924,0.003626214089348226,0
1.999810061642502,2.2543685028697746,0
-0.5738545381334232,-0.319296096906151,0
1.6891628274578367,1.9437212686851095,0
2.0087843001410324,2.2633427413683047,0
0.4978982827602561,0.7383145883637978,0
2.081441326721129,2.321857632324671,0
0.3021759116529692,0.5425922172565109,0
-0.9573641099998755,-0.7169478043963342,1
1.5332964194653853,1.7737127250689273,0
-0.21009708718712067,0.030319218416420934,1
1.6465267726300876,1.8869430782336298,0
2.4676221850449975,2.6938963550248087,0
-0.9126911947816396,-0.6864170248018288,1
-0.9713603176766108,-0.7450861476967999,1
0.7537345956481275,0.9800087656279386,0
2.451474805213664,2.677748975193475,0
0.5932513689732452,0.8053834033293257,0
-0.9188618527597776,-0.7067298184036974,1
-0.10432165523819141,0.1078103791178889,0
-0.07540372488539716,0.13672830947068315,1
1.989693624802649,2.2018256591587297,0
2.5067802814687714,2.7047701802011215,0
0.6100579160752407,0.8080478148075905,0
0.17115541513076157,0.3691453138631112,0
-0.16215035119101007,0.0358395475413396,0
-0.4345572037493505,-0.2365673050170009,1
1.8727689160224839,2.056616679131103,0
2.457860917682271,2.6417086807908903,0
-0.8437252266068059,-0.659877463498187,1
-0.9652481884514638,-0.7814004253428449,1
1.0521488124716123,1.2359965755802313,0
1.724872831424339,1.9087205945329582,0
-0.3026348612645444,-0.11878709815592545,0
-0.6138356800499385,-0.44413005256505017,1
0.4246355573644261,0.5943411848493145,0
1.4011050074133147,1.5708106348982034,0
0.5667446805953407,0.7364503080802292,0
2.0840539431938345,2.253759570678723,0
0.4554849190444876,0.6110484109056453,0
0.6282559383833066,0.7838194302444644,0
2.3338287154478627,2.489392207309021,0
-0.7383884686011803,-0.5828249767400228,1
0.31569851275882727,0.471262004619985,0
-0.4756619762856321,-0.33424062004820515,0
-0.32409771858352077,-0.18267636234609375,0
0.41929588446275634,0.5607172407001836,0
1.630539484745212,1.771960840982639,0
-0.9374710067246594,-0.7960496504872324,1
2.197481113865666,2.3247603344793633,0
1.6932342392812967,1.8205134598949935,0
0.013821063438857473,0.1411002840525539,0
2.7831724280193892,2.9104516486330865,0
0.8451357056236711,0.9724149262373677,0
2.6687713695665245,2.7960505901802217,0
2.298034107504893,2.411171192494859,0
2.3023644691518372,2.4155015541418035,0
0.2541163781994031,0.36725346318936886,0
1.3252140615441699,1.4383511465341359,0
2.739922141951147,2.853059226941113,0
-0.12304872937310349,-0.009911644383137734,0
-0.5676797820344073,-0.46868483266817224,0
0.9325989924160822,1.0315939417823177,0
0.7835259621286902,0.8825209114949255,0
-0.9742443719995639,-0.8752494226333289,1
-0.9303883677722656,-0.8313934184060305,1
1.5646344222921733,1.6636293716584087,0
2.696647712176462,2.795642661542697,0
2.674252274844152,2.7591050885866566,0
0.29957787227478627,0.3844306860172908,0
-0.9981231832330666,-0.9132703694905624,1
1.0154799807730974,1.100332794515602,0
1.240987802223224,1.3258406159657288,0
0.28950007618517315,0.3743528899276777,0
-0.26977595655625813,-0.18492314281375366,0
0.30449089688448533,0.37520157500325924,0
2.059647455404144,2.1303581335229183,0
-0.9440862996257834,-0.8733756215070098,1
0.3609955593069012,0.4317062374256751,0
2.6484093705774816,2.7191200486962557,0
2.2530890456759276,2.3237997237947017,0
-0.17150770816575187,-0.10079703004697806,0
2.6780082631405087,2.7487189412592827,0
1.356219433813224,1.4127879763082674,0
1.7420030193356595,1.7985715618307028,0
1.7337771472284502,1.7903456897234935,0
-0.48933233359786726,-0.43276379110282415,1
1.4429827430169304,1.4995512855119737,0
2.145101848104369,2.201670390599412,0
-0.8423482731390716,-0.7857797306440284,0
0.9370400019000984,0.9936085443951419,0
1.0149444299547554,1.0715129724497987,0
2.5631722441446074,2.6055986510159204,0
-0.6677301364788754,-0.625303729607563,1
-0.24221677606243244,-0.19979036919111995,0
1.9818319710164762,2.0242583778877887,0
2.280106141999122,2.3225325488704347,0
-0.03594485026729631,0.006481556604016222,0
0.9751305522849001,1.0175569591562128,0
0.448153674272677,0.476437945520259,0
0.313186253654813,0.341470524902395,0
2.2152625931891747,2.243546864436757,0
1.7910832810401938,1.8193675522877761,0
2.7954632795423606,2.823747550789943,0
0.06771098253238719,0.09599525377996908,0
-0.8185502501167222,-0.8044081144928712,1
2.856560081835409,2.870702217459261,0
0.9525875396232074,0.9667296752470587,0
-0.9868489995565383,-0.9727068639326872,1
2.395053391042438,2.4091955266662897,0
2.5688302655948334,2.582972401218685,0
0.7738293767781744,0.7879715124020257,0
-0.9830349610466665,-0.9688928254228155,1
1.3524260629545537,1.3524260629546747,0
1.4759124999155013,1.4759124999156223,0
1.2009130007895323,1.2009130007896531,0
0.45918027877918455,0.4591802787793052,0
0.2587981215764498,0.2587981215765704,1
0.5600983057020906,0.5600983057022113,0
2.051435981821358,2.0372938461977483,0
2.8467401579517917,2.8325980223281824,0
2.2585160048526283,2.244373869229019,0
-0.4003012825176728,-0.41444341814128294,1
1.552703048249552,1.5385609126259423,0
1.2927564931922109,1.2644722219448703,0
-0.23909288263688802,-0.2673771538842287,0
1.1413524628333183,1.1130681915859777,0
-0.9486742737047237,-0.9769585449520647,1
2.606916952675273,2.578632681427933,0
1.758069518649036,1.7297852474016955,0
1.906752175527461,1.8784679042801204,0
-0.8620538759108619,-0.9044802827819334,1
2.5022564968415155,2.459830089970444,0
0.681419369815184,0.6389929629441128,0
1.8660235998140036,1.8235971929429327,0
1.5240344916325332,1.481608084761462,0
0.9909192264522864,0.9484928195812152,0
2.385640367281209,2.329071824786407,0
0.1426103542944318,0.08604181179962982,0
-0.548085636971047,-0.604654179465849,1
1.5279785508463655,1.471410008351564,0
0.6785609041751801,0.6219923616803783,0
2.369677475363922,2.31310893286912,0
2.2848304941169335,2.2282619516221316,0
-0.6008548787489244,-0.6715655568674572,1
1.9877610069773062,1.9170503288587741,0
2.3455267443878425,2.27481606626931,0
-0.11706620880441457,-0.18777688692294725,0
2.115638091341772,2.0449274132232396,0
1.3544653924986179,1.2837547143800856,0
-0.2571081199326862,-0.32781879805121883,1
1.5094930099857429,1.4387823318672106,0
2.773693459580446,2.7029827814619134,0
-0.39523644519926937,-0.4659471233178022,1
2.832647713802027,2.747794900059764,0
0.18579347628134849,0.1009406625390852,1
2.9565398464619768,2.8716870327197137,0
0.6610740823291912,0.576221268586928,0
0.15987713847696994,0.07502432473470665,0
0.651145276439975,0.5662924626977118,0
-0.8211666898963021,-0.9060195036385655,1
2.8390480710909287,2.7541952573486657,0
-0.6799028848650944,-0.7647556986073578,1
1.9010833257873059,1.8020883764213123,0
-0.10832019786453886,-0.20731514723053285,0
-0.5535441437499641,-0.6525390931159583,0
-0.4041064192753077,-0.5031013686413017,1
-0.44672684479283953,-0.5457217941588335,1
0.589329967798196,0.4903350184322021,0
0.20398867470719811,0.10499372534120419,0
1.235715895140113,1.1367209457741192,0
2.1797309472695283,2.0665938622798037,0
1.8918797467930257,1.7787426618033013,0
1.8290294145687789,1.7158923295790545,0
2.980513645231796,2.867376560242072,0
1.1203111564796622,1.0071740714899378,0
2.1074704408391907,1.9943333558494665,0
1.051589649255927,0.9243104286424718,0
-0.4294063283617646,-0.5566855489752199,0
-0.23292269824315273,-0.360201918856608,0
0.2798174789846446,0.15253825837118937,1
0.4774142665363039,0.35013504592284883,0
1.836150934650994,1.6947295784138086,0
2.1454181568413064,2.003996800604121,0
1.164649444303115,1.0232280880659295,0
0.8977856851195929,0.756364328882407,0
-0.5780810604782156,-0.7195024167154017,0
-0.32023635991217064,-0.46165771614935663,0
1.9037706698779793,1.7623493136407937,0
0.3054264341330109,0.1498629422720944,0
2.210208177655111,2.0546446857941945,0
1.4400402065798628,1.2844767147189466,0
2.4361538368639657,2.28059034500305,0
1.8433179408142886,1.6877544489533722,0
1.5911737732230433,1.435610281362127,0
2.540681409591845,2.3709757821071986,0
0.039105445183357505,-0.1306001823012897,1
1.931891815288267,1.7621861878036198,0
1.8905324942554032,1.720826866770756,0
0.5251227004699686,0.35541707298532144,0
2.3815209887028894,2.211815361218243,0
0.413186786484857,0.24348115900020986,0
2.919876162084262,2.736028398975885,0
0.8979683310862598,0.714120567977882,0
0.3772919898100896,0.1934442267017118,0
1.2684888499884501,1.0846410868800722,0
-0.257335693545102,-0.4411834566534799,1
1.146637525662812,0.9486476269307038,0
-0.7891125548068874,-0.9871024535389961,1
2.5971420504346288,2.3991521517025207,0
2.5905921153865146,2.3926022166544065,0
0.46638158523587014,0.2683916865037617,0
0.3970928094343888,0.19910291070228037,0
-0.3793086405571485,-0.5772985392892571,1
0.7766040711355313,0.5786141724034229,0
1.0574861215184945,0.8453540871626555,0
-0.6494062641291072,-0.8615382984849463,1
1.3660426883283392,1.1539106539725004,0
-0.6119014652211374,-0.8240334995769766,1
1.2588451157896356,1.0467130814337968,0
-0.6111481621580769,-0.8374223321376468,1
1.1148587533422827,0.888584583362713,0
2.6698523260349343,2.4435781560553647,0
-0.5975138636349269,-0.8237880336144968,1
1.2021987538769918,0.9759245838974223,0
1.2944010878308978,1.0681269178513284,0
-0.19228936046607714,-0.418563530445647,1
2.375556163882711,2.149281993903141,0
1.7244296576368567,1.4840133520335563,0
0.13685530894367995,-0.10356099665962051,0
0.35303542927878884,0.11261912367548839,0
0.3292765249104858,0.08886021930718539,0
0.7770070650852409,0.5365907594819406,0
-0.15084818017508148,-0.40540662140211264,0
2.1447263649013744,1.8901679236743436,0
-0.4529386248664714,-0.7074970660935027,1
-0.15681870955412228,-0.4113771507811534,0
1.4570055866038893,1.2024471453768584,0
2.281098801058398,2.012398224207636,0
2.855480955159416,2.5867803783086547,0
1.0755776188724817,0.7927349063979895,0
2.7623236375318596,2.4794809250573677,0
0.2874204592539613,0.0045777467794689275,0
1.4999134079936505,1.2170706955191584,0
1.3752789627395956,1.0924362502651035,0
-0.3330822999256323,-0.6159250124001249,0
2.6817905537322306,2.384805705634008,0
2.3566372158365962,2.059652367738374,0
2.9237806402594155,2.626795792161193,0
2.1954801525688867,1.8984953044706643,0
0.456786411697932,0.15980156359970898,0
-0.21901581785054033,-0.5160006659487635,1
0.5314104014938409,0.23442555339561794,0
2.490923453675222,2.1939386055769994,0
0.7839855807430117,0.47285859702105804,0
0.7405978495501963,0.42947086582824257,0
2.8813871299683647,2.5702601462464116,0
0.6380069834725639,0.3268799997506102,0
-0.31176859351109376,-0.6228955772330476,1
-0.2805969499038715,-0.5917239336258253,0
1.3933142880077751,1.0821873042858217,0
1.6184409406505842,1.2931718213049,0
1.0690001870598516,0.7437310677141674,0
-0.20891302168816994,-0.5341821410338543,0
-0.47283874826230704,-0.7981078676079915,1
2.6481450770170047,2.322875957671321,0
0.16907803799841922,-0.15619108134726511,0
2.21157061170278,1.8863014923570962,0
-0.3621073321115574,-0.6873764514572417,1
2.918196573475636,2.5787853185062213,0
2.6533245291461727,2.3139132741767585,0
-0.23225820761769328,-0.5716694625871084,1
0.6818211958366421,0.3424099408672272,0
2.4453373929696127,2.105926138000198,0
2.8067469187134497,2.467335663744035,0
2.3370048448594574,1.9975935898900425,0
-0.48416410484148686,-0.8377174954346326,1
0.297588284361161,-0.05596510623198457,0
2.948038288224205,2.5944848976310597,0
-0.2747750646354634,-0.6283284552286091,1
2.236542271579271,1.8829888809861257,0
1.895713390664298,1.528017864447422,0
0.9478412589769372,0.5801457327600611,0
2.544168385471508,2.176472859254632,0
0.7669114254601166,0.3992158992432404,0
0.6024402794250637,0.23474475320818752,0
2.5156631017763513,2.147967575559475,0
0.9313177137496319,0.549480051909025,0
1.3243953601590532,0.9425576983184466,0
0.17658858909609404,-0.2052490727445129,1
-0.047682359962459064,-0.42952002180306603,0
0.04973145370410628,-0.3321062081365007,1
1.481412479465031,1.0995748176244244,0
0.00605575160723304,-0.37578191023337393,1
1.9243565894294477,1.5283767919651106,0
0.777817803634127,0.3818380061697896,0
2.0814227690138996,1.6854429715495627,0
0.14148946254767844,-0.2544903349166591,0
-0.18169251882014295,-0.5776723162844806,1
2.060417493933647,1.650295560845579,0
0.2140125286423687,-0.19610940444569955,0
1.5564042645458005,1.1462823314577324,0
-0.1582939943680842,-0.5684159274561524,0
0.977297396717795,0.5671754636297268,0
0.9377773308005422,0.5135132620887434,0
0.5657510935501946,0.1414870248383958,0
1.5684216294203868,1.144157560708588,0
0.39675863658188315,-0.027505432129915713,0
-0.47648465159869674,-0.9148908559342264,1
1.8007088371376547,1.3623026328021255,0
0.47264539149982265,0.03423918716429317,1
-0.20832785360755518,-0.6467340579430848,1
2.811417462747078,2.373011258411549,0
0.9715487669317113,0.5331425625961819,0
2.763230345842801,2.324824141507272,0
1.5870869773362424,1.1345386373769824,0
0.376505098424077,-0.07604324153518319,0
2.3382347309912404,1.8856863910319808,0
1.659543694874267,1.2069953549150072,0
0.5683993785102579,0.11585103855099782,0
2.3500552625790503,1.8975069226197907,0
2.788485647773221,2.321795172190231,0
-0.16764802005364085,-0.6343384956366318,1
0.41513341099714507,-0.05155706458584569,0
1.209456564171053,0.7427660885880624,0
2.776195277607947,2.3095048020249567,0
-0.24360635732659106,-0.710296832909582,1
1.7778391833375926,1.3111487077546018,0
1.362688806533356,0.8959983309503653,0
1.9604075206340361,1.479574909427315,0
2.6044564508760844,2.123623839669363,0
1.4242190820752545,0.9433864708685332,0
2.1839659852418145,1.7031333740350931,0
0.6093718729277832,0.12853926172106175,0
-0.15611182392911765,-0.6369444351358392,1
1.4520250172148808,0.9711924060081595,0
0.41954644029650734,-0.07542830653394478,0
-0.1364881999366787,-0.6314629467671309,1
0.39266747540490643,-0.10230727142554566,0
2.7607267809498373,2.265752034119386,0
2.9713575084459842,2.476382761615533,0
1.7537968563284392,1.2446799738742567,0
0.4042324097370121,-0.10488447271717069,0
2.5071032047333057,1.9979863222791228,0
2.6911062348857127,2.18198935243153,0
2.659546122443276,2.1504292399890934,0
2.197487834347596,1.6883709518934136,0
2.3806663890034025,1.87154950654922,0
2.586403647745282,2.063144629667369,0
1.783464209269282,1.260205191191369,0
1.34586101773982,0.822601999661907,0
-0.21180935424199465,-0.7350683723199081,0
1.0959965976064612,0.5727375795285479,0
1.3027829159742372,0.7795238978963241,0
0.7435305078740068,0.20612935417236278,0
0.8813899898467334,0.3439888361450895,0
2.1915514341921467,1.6541502804905028,0
1.0130138497254744,0.47561269602383033,0
0.7969951634230091,0.2595940097213652,0
-0.34450435843036326,-0.8960476477557381,1
-0.24341095634390902,-0.7949542456692839,1
0.7067392930654841,0.1551960037401095,0
0.914405920502176,0.3628626311768013,0
2.460243716827513,1.9087004275021386,0
-0.4301710700161409,-0.9817143593415157,1
2.2656063842142893,1.699920959265184,0
1.0153446951189689,0.4496592701698637,0
1.302713294731032,0.7370278697819268,0
2.3004777225077433,1.7347922975586383,0
0.8950138038648787,0.3151862432920428,0
1.7710985366516876,1.1912709760788518,0
0.1433018152363415,-0.4365257453364946,0
0.7283711511193691,0.1485435905465331,0
1.2535302539370485,0.6737026933642126,0
1.3104278048689124,0.7306002442960766,0
0.06861974091404133,-0.5112078196587947,1
0.357426916977959,-0.23654277921860767,0
0.4108793472925536,-0.19723248452774372,0
2.750875501979616,2.142763670159319,0
1.1326922327006559,0.5245804008803587,0
2.397891837312972,1.7897800054926751,0
2.4210850492217357,1.812973217401439,0
2.9421636409119585,2.3340518090916618,0
0.6716565494636229,0.049402582019594854,0
0.29495941843373047,-0.32729454901029753,0
1.0185737459845896,0.3963197785405618,0
0.1836201677878028,-0.43863379965622523,0
1.2183637258657332,0.5961097584217053,0
2.643975221747361,2.021721254303334,0
1.4400165072632463,0.8177625398192184,0
1.3165618856335086,0.6801657825657503,0
0.9355266551843608,0.29913055211660244,0
2.3632561844463784,1.7268600813786206,0
-0.12790451445826595,-0.7643006175260246,0
2.7667202202475174,2.1303241171797596,0
2.8163134297793446,2.179917326711587,0
1.2661442551832573,0.6297481521154988,0
1.7194653515171086,1.08306924844935,0
0.8036464127413481,0.15310817404985883,0
-0.22940499313369944,-0.8799432318251887,1
2.519005996017211,1.8684677573257218,0
2.392854141406442,1.7423159027149533,0
1.1291818391476895,0.4786436004562004,0
0.20212481150073616,-0.4484134271907531,0
1.2736312002955663,0.6230929616040772,0
2.8418406580043625,2.177160283689143,0
2.6527752923007077,1.988094917985488,0
2.5015812895457272,1.8369009152305071,0
-0.22074937634540698,-0.885429750660627,1
2.2131234790746506,1.548443104759431,0
2.3775944246291236,1.712914050313904,0
2.8343168869359823,2.155494376997032,0
1.1375527227290905,0.45873021279014,0
2.1419718471287887,1.4631493371898385,0
2.2901262335735977,1.6113037236346475,0
1.489325677431006,0.8105031674920555,0
0.3201698696154512,-0.37279477594723,0
1.5104487477807371,0.8174841022180563,0
1.9313676271151028,1.238402981552422,0
2.50787899674679,1.814914351184109,0
1.0914722563367123,0.39850761077403113,0
1.8558481789302572,1.1628835333675762,0
2.2794116285077077,1.586446982945027,0
2.806709713258719,2.0996029320723073,0
2.07289502035265,1.3657882391662386,0
1.7607699611267948,1.0536631799403833,0
1.9062678327712421,1.1991610515848303,0
0.2643123206349248,-0.4427944605514871,1
2.8706152466340304,2.1493663298238883,0
1.5907067505233004,0.869457833713158,0
2.6386628395917517,1.9174139227816096,0
1.2165342924259495,0.49528537561580727,0
1.480626334086354,0.7593774172762116,0
0.9879063385338553,0.2525152860999823,0
1.9090728328755988,1.1736817804417259,0
1.780798391334863,1.0454073389009901,0
0.5719039051196664,-0.16348714731420674,0
0.10560425652898242,-0.6439289315286214,0
0.9358938379026391,0.18636064984503542,0
2.070842433876069,1.3213092458184654,0
0.616953937868306,-0.1467213858130284,1
1.0579819578818808,0.2943066342005463,0
0.8581983029335408,0.09452297925220643,0
0.39972479817682594,-0.3780926611282392,0
-0.18208139437591392,-0.9598988536809792,1
2.188198851186849,1.410381391881784,0
1.285513960821315,0.5076965015162501,0
2.104049416709595,1.3120898217807997,0
0.7427786716246914,-0.04918092330410434,0
0.14120718700090484,-0.650752407927891,1
2.4064498598383635,1.614490264909568,0
1.2614139227816357,0.4694543278528399,0
0.1987826459298881,-0.6073190846226383,1
1.132115739304325,0.3260140087517989,0
2.542894083863893,1.736792353311367,0
2.2658760025103875,1.4597742719578612,0
1.4290598895344442,0.6088160233581874,0
2.1314099677699474,1.3111661015936906,0
1.88000248009894,1.0597586139226833,0
2.3362230409993785,1.515979174823122,0
2.915569404711684,2.095325538535427,0
2.9313516037033676,2.09696560190338,0
1.0859969574550892,0.25161095565510155,0
1.3305250445881756,0.49613904278818793,0
2.785708179945765,1.9513221781457777,0
0.9418409578239738,0.10745495602398619,0
2.0723161204707505,1.2237879830470326,0
2.7218840924654706,1.8733559550417527,0
2.9831801769155044,2.1346520394917863,0
1.5823213698002598,0.7337932323765417,0
2.508055005336167,1.6595268679124493,0
0.630820974093097,-0.21770716333062137,0
2.9343181509478096,2.071647877900361,0
1.1479479118261493,0.2852776387787004,0
2.430460598146026,1.5677903250985779,0
1.4371235491215855,0.5744532760741364,0
2.0545849153533133,1.1919146423058646,0
2.6265071940569595,1.7638369210095104,0
0.48384561590972053,-0.37882465713772845,1
2.4503490047184138,1.587678731670965,0
2.671452180450956,1.7946397717797766,0
0.18189358906539982,-0.7090609552295105,0
0.04245887264328241,-0.848495671651628,1
2.128947184339078,1.237992640044168,0
0.47746804702856316,-0.4134864972663472,0
-0.09539425750951885,-0.9863488018044293,1
0.6707039993893211,-0.22025054490558924,0
0.004312918374518249,-0.9007837615441228,1
-0.029039746944274913,-0.934136426862916,1
0.3618001602253673,-0.5432965196932736,0
2.784411030626523,1.8793143507078827,0
2.535292364458382,1.6301956845397414,0
2.171027522088071,1.2517887065456996,0
0.9409225415253218,0.021683725982950375,0
2.290347575470225,1.3711087599278535,0
2.517141942008334,1.583760990842232,0
0.7746976170354651,-0.158683334130637,0
2.955558222186478,2.0221772710203765,0
0.46454238613719767,-0.4688385650289046,0
1.4329722784202537,0.49959132725415156,0
0.7482967307665533,-0.19922635602327954,1
1.7564711134345312,0.8089480266446986,0
0.4037599947764554,-0.5437630920133775,1
1.5744679332364473,0.6269448464466146,0
-0.012282857185681395,-0.9598059439755144,1
0.6559603517067032,-0.29156273508312963,0
2.9478313461137846,2.000308259323952,0
0.9487168151331706,-0.012948407280392926,0
2.008003615990875,1.0463383935773118,0
1.401211633779019,0.43954641136545564,0
0.6389933745774199,-0.33681398345987423,0
0.06086642304157375,-0.9149409349957205,1
1.6324391037721855,0.6566317457348916,0
0.6490673723838625,-0.32673998565343165,1
2.3766568822928296,1.386707388631805,0
2.0281407086511707,1.038191214990146,0
2.43328426710705,1.4433347734460251,0
0.9212717992030668,-0.06867769445795807,0
0.4942851608299369,-0.5098064684548186,1
1.6293836084875335,0.6252919792027781,0
1.7934976100015807,0.7894059807168253,0
0.43511207077112907,-0.5689795585136264,1
0.3824942480338192,-0.6215973812509363,1
0.28211092353911466,-0.7361228413693716,1
0.29782540422155396,-0.7204083606869323,0
2.4401074502231426,1.4218736853146567,0
0.9993736050414352,-0.018860159867050807,0
2.837659555554005,1.8194257906455191,0
2.5318266891340997,1.5135929242256139,0
1.2635227788058843,0.2452890138973981,0
1.7060048039454514,0.6877710390369655,0
0.9990618251910739,-0.033314075341142835,0
2.5780966763682174,1.545720775836001,0
2.753664795304324,1.7212888947721074,0
1.9353755993049584,0.9029996987727419,0
0.45011792847018883,-0.5822579720620279,0
1.4318428530375609,0.3853248168816137,0
2.304429901263078,1.2437697294834,0
2.7374415449704808,1.6767813731908028,0
0.776021679740026,-0.284638492039652,0
2.4096441450462307,1.348983973266553,0
1.2047753602707454,0.14411518849106753,0
0.8884353865215835,-0.1722247852580946,0
0.5853982508826915,-0.47526192089698654,0
2.840234096538874,1.7795739247591964,0
1.2568576961250368,0.1820553887216284,0
2.820069693698878,1.74526738629547,0
1.943843729305617,0.8690414219022087,0
2.826907080372636,1.7379626373454973,0
0.6598137055568226,-0.4291307374703168,0
0.21204790043131555,-0.876896542595824,0
0.34687301587113395,-0.7420714271560055,1
1.3743834017267818,0.2854389586996424,0
0.2509344924522161,-0.8380099505749234,1
0.3328636203593548,-0.7560808226677846,1
2.4558705158749525,1.3527839372240829,0
1.9258696581232495,0.8227830794723797,0
0.2610558780972836,-0.8420307005535864,1
1.515936889446265,0.41285031079539525,0
0.3695941549982435,-0.7334924236526266,0
2.2689139990376668,1.165827420386797,0
1.496921747399024,0.3796930331244234,0
1.0992183433849096,-0.01801037088969093,0
0.27458361802808806,-0.8426450962465126,1
2.0854892192866616,0.968260505012061,0
2.873528161578794,1.7562994473041937,0
2.953395752271005,1.8220249023726736,0
2.3175134989967803,1.1861426490984492,0
0.6845793700975713,-0.44679147980076006,0
1.5569953696876846,0.42562451978935345,0
0.9083953556406905,-0.23711762988137136,0
1.168946708552763,0.023433723030701126,0
0.648974552875579,-0.4965384326464829,1
1.8213584162524645,0.6758454307304027,0
0.9519294343926267,-0.20772568675316588,0
1.2880196552800174,0.12836453413422488,0
0.2563468932901658,-0.9033082278556268,1
2.7190603884151114,1.559405267269319,0
0.976306630466691,-0.18334849067910153,0
0.654892995043154,-0.5189042617263693,0
0.5637774420038898,-0.6100198147656335,1
1.5860328094310552,0.412235552661532,0
2.731773771441176,1.5579765146716529,0
2.169866151477115,0.9960688947075923,0
2.6131834458526,1.439386189083077,0
1.3904264177140806,0.20248702532082685,0
2.943177586122282,1.7552381937290287,0
1.5844260060491084,0.3964866136558547,0
2.887927877269222,1.6999884848759685,0
0.19060556185543615,-0.9973338305378178,1
2.646218112261642,1.4441365842446579,0
1.0907928286641326,-0.11128869935285196,0
2.3546280642580695,1.1525465362410852,0
2.6609966933992264,1.4589151653822423,0
2.402577703189099,1.186354039548384,0
2.8145786838823805,1.5983550202416654,0
1.5738622530092976,0.3576385893685826,0
0.30599932401938007,-0.9102243396213352,1
0.8147228403770289,-0.41564295888741687,1
1.764811179371824,0.5344453801073781,0
0.5215989621135757,-0.7087668371508702,1
0.25247710522008066,-0.9778886940443652,1
1.405781080741362,0.17541528147691632,0
0.7085383859648451,-0.5218274132996007,1
1.7321568161556793,0.5017910168912338,0
2.7088595652078205,1.4643516303196447,0
0.2996587247822285,-0.9448492101059481,1
0.6460749469830679,-0.5984329879051087,1
2.2287838695994053,0.984275934711229,0
1.8819398299137315,0.6374318950255552,0
1.6133238065128956,0.3688158716247192,0
0.7271368126545442,-0.5173711222336324,0
1.4556626883791393,0.19701261786723234,0
1.7133817185974858,0.45473164808557887,0
2.202676012075914,0.9440259415640072,0
0.4174446052005093,-0.841205465311398,1
2.6958982318449385,1.4372481613330317,0
2.668584579804306,1.4099345092923996,0
0.721721447837907,-0.536928622674,1
0.327232405552771,-0.9455598005828669,1
0.3831169073509466,-0.8896752987846912,1
1.8128555716756707,0.5400633655400329,0
0.57683798787352,-0.6959542182621178,1
1.765105760766017,0.4781714190066486,0
2.0960466409510237,0.8091122991916553,0
0.9737839327772939,-0.3131504089820745,0
0.3216757921103166,-0.965258549649052,1
2.712102804748878,1.4251684629895098,0
2.5341459699017257,1.2472116281423573,0
2.8722880819542493,1.5712116045711506,0
0.4030359459801668,-0.8980405314029323,1
0.4706526534277519,-0.8304238239553472,1
2.306771702089007,0.9915530890821772,0
1.140175065565354,-0.17504354744147577,1
0.7078026062602026,-0.6215581423703578,1
2.434078118526437,1.104717369895877,0
2.912400524371043,1.5830397757404828,0
2.837551303254622,1.5081905546240617,0
1.0431988283012232,-0.2861619203293371,0
2.3787017403220356,1.0493409916914755,0
0.6235138146307646,-0.7199890696235264,1
1.8679421313953402,0.5244392471410494,0
0.9952818196721699,-0.34822106458212104,0
1.4822556061365102,0.13875272188221943,0
1.8868306341708814,0.5291856142928597,0
1.8186609765538737,0.46101595667585205,0
1.5182843528079464,0.1606393329299246,0
1.073624145224612,-0.29816301027714026,0
2.4506621020877737,1.0788749465860215,0
2.773069274666625,1.4012821191648732,0
0.7524014741554064,-0.6335278169700765,1
1.215616466836363,-0.17031282428911987,0
1.6240625935177189,0.23813330239223618,0
1.6318077461440912,0.2458784550186085,0
0.4439399317279517,-0.9419893593975313,1
1.3683591075767945,-0.017570183548688445,0
2.0710956089950567,0.6710241822458435,0
1.9386457926681504,0.5385743659189369,0
1.3543992118507093,-0.04567221489850437,0
2.724073951601083,1.3240025248518696,0
0.7315203864478081,-0.6826931759251361,0
2.2647996346502737,0.8505860722773294,0
1.478803126355801,0.06458956398285687,0
0.9556564092918318,-0.45855715308111233,0
1.0698671304564573,-0.3584885675402177,1
2.59200128478204,1.1636455867853652,0
1.2326959552415744,-0.19565974275510056,0
2.917456157871084,1.474958324250678,0
1.1688453501541058,-0.2736524834662997,0
0.7976132033764171,-0.6448846302439886,1
2.2694394292601574,0.8269415956397519,0
1.4451756336959627,-0.011464335548173499,0
0.5405207086893179,-0.9161192605548183,1
0.5683739623970727,-0.8882660068470636,1
1.214202182353604,-0.24243778689053225,1
1.5631173496895134,0.10647738044537725,0
2.1608488886838213,0.6900667838159543,0
1.6780834126069093,0.20730130773904254,0
1.415164030230502,-0.05561807463736479,0
0.5918077748870021,-0.8789743299808649,1
0.9955568556913218,-0.48936738480027575,1
2.5305593073973736,1.0456350669057763,0
1.4573700888945984,-0.027554151596999032,1
1.4190314105933206,-0.06589282989827672,1
1.6859529877355568,0.20102874724395947,0
1.3229528441604195,-0.17611353195490853,0
1.1411136651426372,-0.3579527109726909,0
2.6105277025792724,1.111461326463945,0
2.2346120799067566,0.7355457037914287,0
1.6694477302425152,0.17038135412718747,0
0.7698614699881292,-0.7433470417509297,1
2.8519294733966287,1.33872096165757,0
1.4628423111912436,-0.050366200547815265,0
1.1117720366766057,-0.4014364750624531,0
2.3819033616347114,0.8545527142719223,0
0.7728855463035782,-0.7544651010592113,1
2.98113282149048,1.4537821741276913,0
0.7023816006539177,-0.8249690467088717,1
2.5708142736672097,1.0434636263044206,0
1.948799313906978,0.42144866654418855,0
1.541333907745072,0.013983260382282703,0
2.1815713998496404,0.6400786168631205,0
2.1255655133101015,0.5840727303235815,0
2.0595173386181402,0.5180245556316205,0
1.3825677620455683,-0.15892502094095184,0
1.783013578317831,0.241520795331311,1
1.7761636541731154,0.23467087118659524,0
2.605872872223006,1.0502379536127555,0
1.6152728315992904,0.05963791298903953,0
2.547097906864995,0.9914629882547444,0
2.6819129455878516,1.1262780269776012,0
2.6581324972873377,1.1024975786770872,0
2.804120351029102,1.248485432418852,0
1.847968736755599,0.27819168252161786,0
2.3837270278870486,0.8139499736530674,0
0.8834316818238105,-0.6863453724101709,1
2.30988448721863,0.7401074329846488,0
1.5389234380082573,-0.030853616225723912,0
1.7648426332094442,0.18092344335173227,0
1.086365545615177,-0.4975536442425352,1
1.794715305378582,0.21079611552086996,0
0.7040755964078084,-0.8798435934499038,1
2.046666612678437,0.4627474228207249,0
2.2287257395883624,0.63066441410692,0
1.6415266944719205,0.043465368990477815,0
1.854228325333997,0.24202486422882385,0
1.044101403328574,-0.5681020577765994,1
1.4284242421317788,-0.18377921897339455,1
2.117728788273224,0.5055253271680509,0
1.2736501199050065,-0.35269547682389757,0
1.3037632480037573,-0.3225823487251467,1
2.7493926351681184,1.123047038439215,0
0.9865920365481414,-0.6538956958044932,1
2.641985264445151,1.0014975320925168,0
2.535829881702745,0.8953421493501105,0
2.061563394128673,0.42107566177603817,0
1.090278004185669,-0.5643518637906964,1
1.9510273329498578,0.2963974649734925,0
0.8269114924449062,-0.8277183755314591,1
2.9754040988992356,1.3207742309228703,0
1.6412004741750184,-0.013429393801346778,0
0.8457999696409902,-0.8229720339591058,1
2.097918407952339,0.42914640435224327,1
1.1864752076325595,-0.4822967959675365,1
2.662678136421451,0.9797639971976249,0
2.3751929358526436,0.6922787966288171,0
0.7722754956110696,-0.9106386436127571,1
0.8133697663403759,-0.8695443728834507,1
2.7329586409643696,1.0359023661168125,0
2.7921096847318183,1.0950534098842615,0
0.8562956683985514,-0.8407606064490057,1
1.6194498536526858,-0.07760642119487138,1
0.7098918882695375,-0.9871643865780197,1
1.818895614189893,0.10769720371860547,0
1.7546453766622565,0.04344696619096888,1
1.3393397820160224,-0.37185862845526535,1
2.254202126920942,0.5288615808259237,0
1.3303342265426648,-0.39500631955235355,0
2.631254977069158,0.9059144309741397,0
2.1860635478414525,0.4607230017464342,0
2.1201840160901826,0.3948434699951643,0
1.2299235068655967,-0.4954170392294218,1
2.993798152836881,1.2684576067418627,0
1.7712585359472066,0.0459179898521882,1
2.3677769704944085,0.6282942887756595,0
1.2195101127799974,-0.5199725689387518,1
1.72510289031979,-0.014379791398958952,0
1.9748170513016303,0.23533436958288134,0
2.1544471273586336,0.41496444563988444,0
1.1569787628035606,-0.5825039189151887,1
1.6958438419164843,-0.05778097542599547,1
1.87001890534422,0.11639408800174045,0
2.284391191119214,0.5307663737767343,0
0.8340560511032092,-0.9195687662392706,1
2.6393069627792043,0.8856821454367245,0
1.2550074579309678,-0.5127594950352428,1
2.4989515863237415,0.7311846333575314,0
2.3740270684041787,0.6062601154379685,0
2.5161459527685066,0.7483789998022965,0
2.412932073032037,0.6451651200658268,0
1.4210580511450583,-0.3608510374448829,0
2.6749463808220213,0.8930372922320801,0
1.6307298966640231,-0.1511791919259181,1
2.825670722569157,1.0437616339792162,0
1.4336427501951499,-0.34826633839479115,0
1.734291252822349,-0.04761783576759204,0
2.724415971521081,0.9283647473074094,0
1.1971735883380892,-0.5988776358755825,0
2.6982352461243178,0.8880418862869156,0
1.6136585569085706,-0.19653480292883174,0
2.679558206926278,0.8693648470888758,0
2.7407213295012647,0.9305279696638623,0
1.487728427619866,-0.3224649322175366,0
2.6714373630852726,0.8471018676241397,0
2.185383569020443,0.36104807355931023,0
2.5349352608118028,0.7105997653506697,0
1.6329839009112317,-0.20549373017363204,1
1.3814829773718422,-0.4569946537130214,1
2.998414682788965,1.1599370517041017,0
1.9566887890477398,0.11821115796287618,0
2.6116021700747507,0.7589824033661565,0
1.7686927772568202,-0.08392698945177413,0
1.4099157813865357,-0.4427039853220587,1
2.5889589293762194,0.7363391626676252,0
2.40855070371614,0.5559309370075458,0
2.9966015033423066,1.1298396010099823,0
2.5423532318409414,0.6755913295086166,0
1.4080044457728127,-0.45875745655951233,0
2.8157946602194523,0.9348906222633971,0
2.2371548503345897,0.3562508123785343,0
2.945037553349912,1.0641335153938565,0
2.683340160840452,0.7882939872606659,0
2.5284357406431814,0.6333895670633954,0
1.7221594015795612,-0.17288677200022495,1
1.6326357984193733,-0.2624103751604129,1
1.6542987635269786,-0.24074741005280764,0
2.6170882280550085,0.7078999188514918,0
1.492008399642558,-0.41717990956095885,1
1.1350966813888674,-0.7740916278146496,1
2.6694937537592933,0.7461633089320461,0
2.9288950896206085,1.0055646447933613,0
1.470519911722429,-0.45281053310481856,1
1.467596537989214,-0.4698760424617644,0
1.5220666327521433,-0.4154059476988351,1
1.2796662483240715,-0.6719484677506374,1
1.2327861826818136,-0.7188285333928952,1
1.7088687316070987,-0.2427459844676101,0
2.5642459176137375,0.6126312015390288,0
1.157372192814593,-0.8083846588838466,1
1.9472530260048178,-0.018503825693621745,1
2.86041050983164,0.8946536581332006,0
2.76173594236428,0.7959790906658409,0
1.8968219080429622,-0.06893494365547714,0
2.031943373320956,0.0661865216225167,1
2.3016373645443062,0.32173837722213605,0
2.8549549665908214,0.8750559792686512,0
1.142491624693551,-0.8515494982523498,1
2.7237178563952056,0.7296767334493048,0
2.9456321554279508,0.9515910324820502,0
1.962967403417567,-0.04521585515206439,1
2.388562101569796,0.38037884300016467,0
1.4390117605038903,-0.5833136336894715,1
1.7149761197629863,-0.30734927443037563,1
1.9520633615637613,-0.07026203262960062,0
1.3199693048548808,-0.7023560893384813,1
1.436308996544945,-0.6001585332721479,1
2.6488750370247356,0.6124075072076429,0
2.903668186189307,0.8672006563722146,0
1.7608224233829577,-0.275645106434135,1
1.1673413197312337,-0.8691262100858592,1
2.5506669768274275,0.5000573113866043,0
1.9123711229023823,-0.13823854253844114,1
2.5949596258818817,0.5443499604410584,0
1.213321206042966,-0.8372884593978576,1
2.6920278616909004,0.6414181962500769,0
1.6865918453456334,-0.36401782009519,1
2.4325745522246796,0.3819648867838563,1
1.7704608429073314,-0.2942909581572227,0
2.9893247509175533,0.9245729498529995,0
2.324718465894774,0.25996666483022013,1
2.2417496399170878,0.16285570322880316,0
1.9040806224568585,-0.1889554498551569,1
2.6703135699753355,0.5772774976633208,0
2.365104179751994,0.27206810743997867,0
2.3985880358374834,0.3055519635254682,0
1.7946410120568617,-0.3125371958788842,1
2.363356867788533,0.2561786598527873,0
2.822729279308519,0.7014089357490425,0
1.2935334255418738,-0.8277869180176028,1
2.6247238974312093,0.5034035538717327,0
2.36127429334252,0.23995394978304319,0
2.2320286354724512,0.0965661562892437,1
2.2367037505604763,0.1012412713772688,1
2.6655467280835667,0.5300842489003592,0
1.379199122482161,-0.7704054923247772,1
1.4724015033978672,-0.6772031114090707,1
2.0372793290809406,-0.126467421349728,0
1.705244006623581,-0.45850274380708755,1
1.5540117829227176,-0.609734967507951,1
1.4494517961138147,-0.7284370899405845,1
2.37099861084267,0.19310972478827115,0
1.8475496319758622,-0.33033925407853704,1
1.5488950528836516,-0.6431359687944784,1
1.6390233577994715,-0.5530076638786584,1
1.2961742065318418,-0.909998950770019,1
1.2196395848215633,-0.9865335724802974,1
2.7079096384903414,0.5017364811884808,0
2.0357358393396137,-0.17043731796224693,1
1.5126724146464716,-0.6935007426553892,1
2.269303114446685,0.04898782152109393,1
2.228969230358146,0.008653937432554493,0
1.5809439035526425,-0.6393713893729489,1
1.5934144026730803,-0.6269008902525111,1
2.392011389473214,0.1716960965476224,1
1.623421230534554,-0.6110361980147679,1
2.650364596354348,0.4159071678050259,1
2.900367451831393,0.6659100232820714,0
1.946264793456831,-0.28819263509249093,1
1.4332375478107993,-0.8012198807385226,1
2.872253986083185,0.623654421910133,0
2.255645038125863,-0.007096661670920046,1
2.6490054685229723,0.3862637687261896,0
2.3412550295157635,0.07851332971898084,0
1.6937561983768785,-0.5689855014199046,1
2.3198125218162584,0.042928686395744764,1
2.873095503987753,0.5962116685672392,0
1.5751404264727478,-0.7158855445714969,1
2.063540640521672,-0.22748533052257291,1
2.1460124783432404,-0.15915562832473484,1
2.213227707138353,-0.09194039952962196,1
2.2292791490827306,-0.07588895758524439,1
1.5239110974957149,-0.7953991447959909,1
2.7717153137610135,0.452405071469308,0
2.2693033679118297,-0.05000687437987583,1
2.140064874496172,-0.17924536779553335,1
2.8932681255446933,0.5739578832529877,0
1.6953261407792377,-0.6381262371361984,1
2.4894232000158016,0.15597082210036572,1
2.676655813937992,0.34320343602255554,0
2.675799486233442,0.32820497269427507,1
1.3826650623291392,-0.9649294512100279,1
1.9964941047133407,-0.35110040882582627,1
2.964967485589418,0.5890887008027903,0
2.0256009273476967,-0.3502778574389316,1
2.349060402323912,-0.026818382462716173,1
1.7571986119266065,-0.6328223084837523,1
2.6500357613462326,0.2600148409358738,1
1.9815285196727683,-0.4084924007375905,1
1.6467090999211076,-0.7574539561129819,1
2.0804395444029673,-0.3237235116311221,1
2.7585141428359994,0.35435108680190996,1
2.9493573247747844,0.5451942687406952,0
1.5696450271256772,-0.848660164532143,1
2.519645801394815,0.1013406097369951,0
2.4273065026378653,0.009001310980045307,1
2.5320089561472408,0.11370376448942077,1
1.8682698491253074,-0.5641774781562435,1
2.1702343127887223,-0.26221301449282874,1
2.354368946279764,-0.07807838100178688,1
2.383041230332852,-0.06354823257242992,1
2.4781768712704775,0.03158740836519591,1
1.5660152379489127,-0.880574224956369,1
2.9805294295073397,0.5197978309783275,1
2.2651670987285053,-0.1955644998005066,1
1.953494490632222,-0.5213792435205208,1
2.96978950319477,0.4807736334182966,0
2.501802649815297,0.01278678003882372,1
2.8946250522761305,0.4056091824996573,1
2.766436143133328,0.27742027335685493,1
2.8775535912612864,0.37439558586108235,1
1.9663548552949124,-0.5368031501052918,1
1.9780883822180924,-0.5392117588058426,1
2.319254760510092,-0.19804538051384246,1
2.5252760947308115,-0.006166181916853697,1
1.5383507194357042,-0.9930915572119615,1
2.153176470935947,-0.37826580571171875,1
2.605599912028556,0.06001549975715981,1
1.7402460874406482,-0.805338324830748,1
1.9571763906491983,-0.5884080216221976,1
2.7381660086672217,0.19258159639582573,1
2.3155381962601327,-0.24418835163499408,1
2.827356576086583,0.2676300281914561,1
1.6884712180975856,-0.8853974654212717,1
2.088509293941279,-0.4853593895775782,1
1.7844366671390988,-0.7894320163797586,1
2.116256547313197,-0.47175427182939145,1
2.610465509444636,0.00831255467831693,1
1.6103352408355764,-0.9918177139307425,1
1.6398114342373313,-0.9623415205289876,1
2.6471889550617913,0.030893864671742266,1
2.163475726927526,-0.45281936346252316,1
1.8509653596414468,-0.7653297307486027,1
2.494228643447703,-0.12206644694234647,1
2.455971112409093,-0.174466113604687,1
1.991502731036353,-0.6389344949774269,1
2.8188362698154217,0.18839904380164163,1
1.731866466720167,-0.898570759293613,1
2.4031571581412043,-0.24142220349630628,1
2.9470170290640096,0.30243766742649925,1
2.8178403315618477,0.15911883430060647,1
2.8069596026646386,0.14823810540339744,1
1.6758128800411334,-0.9970507528438387,1
2.9030625880648966,0.23019895517992484,1
2.512566597818565,-0.16029703506640725,1
1.7995149142182556,-0.8874908542904472,1
2.9587666281412703,0.271760859632568,1
2.6084527047555577,-0.07855306375314486,1
2.6015943386994773,-0.09955356543295579,1
2.0446142922316297,-0.6565336119008035,1
1.742066963860323,-0.9590809402721103,1
2.3711525696791815,-0.32999533445325135,1
1.8850139070228518,-0.8302761327333119,1
2.392573039673711,-0.32271700008245285,1
2.9575824070602623,0.24229236730409864,1
1.717398361232443,-0.9978916785237208,1
2.7297165490279065,0.014426509271742827,1
2.4431659593206385,-0.27212408043552494,1
2.468952318655535,-0.24633772110062857,1
2.8942665760453075,0.16483440066541322,1
2.8554453265803597,0.1260131512004652,1
1.9906512591216796,-0.7529230518819457,1
1.8365549715531895,-0.9211614750741663,1
2.3105929125581843,-0.4471235340691715,1
2.774410454721015,0.0025518724699289397,1
2.580946986596036,-0.19091159565505045,1
2.422649976641221,-0.3633507412335961,1
2.5347427774690647,-0.25125794040575244,1
2.7787370801580265,-0.007263637716790505,1
2.0980648971011906,-0.7020779563973569,1
2.2637138774706727,-0.5505711116516061,1
2.483137905442634,-0.345289219303375,1
2.900878710466748,0.058309450097008275,1
2.9639774832214987,0.121408222851759,1
2.078126561941787,-0.7785848340516833,1
2.287977254898285,-0.5687341410951853,1
2.200631386536198,-0.6702221450810025,1
2.215719672431055,-0.6551338591861459,1
2.6884495456995676,-0.1824039859176334,1
2.2005903854332978,-0.6702631461839031,1
2.743835369657177,-0.14116029758375426,1
2.295374021914953,-0.6037637809497095,1
2.1383341403312652,-0.7608036625333973,1
1.9597249723834866,-0.939412830481176,1
2.0493404368249513,-0.8497973660397113,1
2.2658759009756544,-0.6474040375127388,1
2.639202367661646,-0.2740775708267471,1
2.626723011580445,-0.30069906253167855,1
2.9811843833276273,0.053762309215503956,1
2.3339210102700143,-0.5935010638421092,1
2.926947165136935,-0.00047490897518853714,1
2.3854290046700632,-0.5561352050657908,1
2.143124944047562,-0.7984392656882922,1
2.8605554149465817,-0.09515093041300271,1
2.9765821450826566,0.020875799723072186,1
2.9427621293841764,-0.012944215975408513,1
2.9928971839023073,0.023048702918991637,1
2.0497515624949125,-0.9200969184884035,1
2.549458907427341,-0.42038957355597506,1
2.101994785065778,-0.8678536959175378,1
2.2931183043774714,-0.6908723122295751,1
2.5503257797117374,-0.44780697251903945,1
2.489137769339622,-0.5231371185148852,1
2.533421694888484,-0.49299532858975414,1
2.591126015833581,-0.4352910076446568,1
2.9361845450099553,-0.09023247846828286,1
2.7921880132204824,-0.23422901025775555,1
2.175590822022775,-0.8649683370791936,1
2.1356709642774314,-0.9048881948245373,1
2.5164865328476003,-0.5240726262543682,1
2.3365955002687304,-0.7181057944569691,1
2.345584544360105,-0.7091167503655946,1
2.2522916627869356,-0.8024096319387641,1
2.972740371381641,-0.09610305896778892,1
2.4627052435225507,-0.6061381868268794,1
2.187499986132603,-0.8813434442168271,1
2.899438903001553,-0.16940452734787703,1
2.436260397903179,-0.6467251680699815,1
2.7340844534329634,-0.3489011125401973,1
2.901478579402955,-0.1956491221939365,1
2.7675698211411626,-0.3437000160794592,1
2.763281777117249,-0.3479880601033729,1
2.445452288591584,-0.6658175486290376,1
2.1554556957730973,-0.9699562770712555,1
2.630007513569544,-0.5236887305222702,1
2.4063579996617355,-0.7756225156775398,1
2.6396786808305857,-0.5423018345086894,1
2.4706527485131526,-0.739612038073584,1
2.576788655771706,-0.6334761308150308,1
2.665437706380018,-0.5872534870779105,1
2.58046186683551,-0.6722293266224182,1
2.649256245224665,-0.6175770838569943,1
2.728458559402245,-0.5383747696794141,1
2.903882680254705,-0.36295064882695405,1
2.3202525746944938,-0.9607228900108961,1
2.3765666696863166,-0.9185509306428039,1
2.6815578057824503,-0.6135597945466702,1
2.9478401829648013,-0.36141955298804973,1
2.7578539543345197,-0.5514057816183315,1
2.4321841893323546,-0.8912176822442274,1
2.859819926527491,-0.47772408067282135,1
2.68246288673026,-0.6692232560937834,1
2.7168554489627965,-0.6348306938612467,1
2.9124378235162323,-0.4533904549315415,1
2.811158305888329,-0.5546699725594446,1
2.6653089645263255,-0.714661449545179,1
2.435228324265477,-0.9588842254297578,1
2.395383755533097,-0.9987287941621382,1
2.486845055300676,-0.9355517656420205,1
2.9498842038977284,-0.47251261704496783,1
2.9771308037764963,-0.4876924240373919,1
2.9709335568446145,-0.4938896709692735,1
2.8499794712013764,-0.6289858922362423,1
2.791106548373255,-0.6878588150643639,1
2.9974041531248394,-0.5098454815602405,1
2.722053490732068,-0.785196143953012,1
2.9438720757983416,-0.5633775588867387,1
2.6232230331106186,-0.940595144069384,1
2.755829024588599,-0.836273423838865,1
2.6882168889690337,-0.9321698307058919,1
2.9738634735023743,-0.6748075174200123,1
2.9817804910492667,-0.6951747711205813,1
2.8283965591222233,-0.8627008386713554,1
2.8187143417757294,-0.8723830560178492,1
2.9499069290158637,-0.7553326044014455,1
2.867763340360404,-0.8374761930569052,1
2.8488578355682,-0.8846659690965706,1
2.8317591804317774,-0.9441910311041849,1
2.931746430385755,-0.8442037811502074,1
2.958793032701246,-0.8454414500821774,1
2.999869388756685,-0.917502179016584,1
